data,Nível Territorial (Código),Nível Territorial,Unidade de Medida (Código),Unidade de Medida,Valor,Brasil (Código),Brasil,Mês (Código),Mês,Variável (Código),Variável,data
1979-12-01,1,Brasil,,,,1,Brasil,197912,dezembro 1979,63,IPCA - Variação mensal,1979-12-01
1980-01-01,1,Brasil,2,%,6.62,1,Brasil,198001,janeiro 1980,63,IPCA - Variação mensal,1980-01-01
1980-02-01,1,Brasil,2,%,4.62,1,Brasil,198002,fevereiro 1980,63,IPCA - Variação mensal,1980-02-01
1980-03-01,1,Brasil,2,%,6.04,1,Brasil,198003,março 1980,63,IPCA - Variação mensal,1980-03-01
1980-04-01,1,Brasil,2,%,5.29,1,Brasil,198004,abril 1980,63,IPCA - Variação mensal,1980-04-01
1980-05-01,1,Brasil,2,%,5.7,1,Brasil,198005,maio 1980,63,IPCA - Variação mensal,1980-05-01
1980-06-01,1,Brasil,2,%,5.31,1,Brasil,198006,junho 1980,63,IPCA - Variação mensal,1980-06-01
1980-07-01,1,Brasil,2,%,5.55,1,Brasil,198007,julho 1980,63,IPCA - Variação mensal,1980-07-01
1980-08-01,1,Brasil,2,%,4.95,1,Brasil,198008,agosto 1980,63,IPCA - Variação mensal,1980-08-01
1980-09-01,1,Brasil,2,%,4.23,1,Brasil,198009,setembro 1980,63,IPCA - Variação mensal,1980-09-01
1980-10-01,1,Brasil,2,%,9.48,1,Brasil,198010,outubro 1980,63,IPCA - Variação mensal,1980-10-01
1980-11-01,1,Brasil,2,%,6.67,1,Brasil,198011,novembro 1980,63,IPCA - Variação mensal,1980-11-01
1980-12-01,1,Brasil,2,%,6.61,1,Brasil,198012,dezembro 1980,63,IPCA - Variação mensal,1980-12-01
1981-01-01,1,Brasil,2,%,6.84,1,Brasil,198101,janeiro 1981,63,IPCA - Variação mensal,1981-01-01
1981-02-01,1,Brasil,2,%,6.4,1,Brasil,198102,fevereiro 1981,63,IPCA - Variação mensal,1981-02-01
1981-03-01,1,Brasil,2,%,4.97,1,Brasil,198103,março 1981,63,IPCA - Variação mensal,1981-03-01
1981-04-01,1,Brasil,2,%,6.46,1,Brasil,198104,abril 1981,63,IPCA - Variação mensal,1981-04-01
1981-05-01,1,Brasil,2,%,5.56,1,Brasil,198105,maio 1981,63,IPCA - Variação mensal,1981-05-01
1981-06-01,1,Brasil,2,%,5.52,1,Brasil,198106,junho 1981,63,IPCA - Variação mensal,1981-06-01
1981-07-01,1,Brasil,2,%,6.26,1,Brasil,198107,julho 1981,63,IPCA - Variação mensal,1981-07-01
1981-08-01,1,Brasil,2,%,5.5,1,Brasil,198108,agosto 1981,63,IPCA - Variação mensal,1981-08-01
1981-09-01,1,Brasil,2,%,5.26,1,Brasil,198109,setembro 1981,63,IPCA - Variação mensal,1981-09-01
1981-10-01,1,Brasil,2,%,5.08,1,Brasil,198110,outubro 1981,63,IPCA - Variação mensal,1981-10-01
1981-11-01,1,Brasil,2,%,5.27,1,Brasil,198111,novembro 1981,63,IPCA - Variação mensal,1981-11-01
1981-12-01,1,Brasil,2,%,5.93,1,Brasil,198112,dezembro 1981,63,IPCA - Variação mensal,1981-12-01
1982-01-01,1,Brasil,2,%,6.97,1,Brasil,198201,janeiro 1982,63,IPCA - Variação mensal,1982-01-01
1982-02-01,1,Brasil,2,%,6.64,1,Brasil,198202,fevereiro 1982,63,IPCA - Variação mensal,1982-02-01
1982-03-01,1,Brasil,2,%,5.71,1,Brasil,198203,março 1982,63,IPCA - Variação mensal,1982-03-01
1982-04-01,1,Brasil,2,%,5.89,1,Brasil,198204,abril 1982,63,IPCA - Variação mensal,1982-04-01
1982-05-01,1,Brasil,2,%,6.66,1,Brasil,198205,maio 1982,63,IPCA - Variação mensal,1982-05-01
1982-06-01,1,Brasil,2,%,7.1,1,Brasil,198206,junho 1982,63,IPCA - Variação mensal,1982-06-01
1982-07-01,1,Brasil,2,%,6.36,1,Brasil,198207,julho 1982,63,IPCA - Variação mensal,1982-07-01
1982-08-01,1,Brasil,2,%,5.97,1,Brasil,198208,agosto 1982,63,IPCA - Variação mensal,1982-08-01
1982-09-01,1,Brasil,2,%,5.08,1,Brasil,198209,setembro 1982,63,IPCA - Variação mensal,1982-09-01
1982-10-01,1,Brasil,2,%,4.44,1,Brasil,198210,outubro 1982,63,IPCA - Variação mensal,1982-10-01
1982-11-01,1,Brasil,2,%,5.29,1,Brasil,198211,novembro 1982,63,IPCA - Variação mensal,1982-11-01
1982-12-01,1,Brasil,2,%,7.81,1,Brasil,198212,dezembro 1982,63,IPCA - Variação mensal,1982-12-01
1983-01-01,1,Brasil,2,%,8.64,1,Brasil,198301,janeiro 1983,63,IPCA - Variação mensal,1983-01-01
1983-02-01,1,Brasil,2,%,7.86,1,Brasil,198302,fevereiro 1983,63,IPCA - Variação mensal,1983-02-01
1983-03-01,1,Brasil,2,%,7.34,1,Brasil,198303,março 1983,63,IPCA - Variação mensal,1983-03-01
1983-04-01,1,Brasil,2,%,6.58,1,Brasil,198304,abril 1983,63,IPCA - Variação mensal,1983-04-01
1983-05-01,1,Brasil,2,%,6.48,1,Brasil,198305,maio 1983,63,IPCA - Variação mensal,1983-05-01
1983-06-01,1,Brasil,2,%,9.88,1,Brasil,198306,junho 1983,63,IPCA - Variação mensal,1983-06-01
1983-07-01,1,Brasil,2,%,10.08,1,Brasil,198307,julho 1983,63,IPCA - Variação mensal,1983-07-01
1983-08-01,1,Brasil,2,%,9.11,1,Brasil,198308,agosto 1983,63,IPCA - Variação mensal,1983-08-01
1983-09-01,1,Brasil,2,%,10.3,1,Brasil,198309,setembro 1983,63,IPCA - Variação mensal,1983-09-01
1983-10-01,1,Brasil,2,%,8.87,1,Brasil,198310,outubro 1983,63,IPCA - Variação mensal,1983-10-01
1983-11-01,1,Brasil,2,%,7.38,1,Brasil,198311,novembro 1983,63,IPCA - Variação mensal,1983-11-01
1983-12-01,1,Brasil,2,%,8.68,1,Brasil,198312,dezembro 1983,63,IPCA - Variação mensal,1983-12-01
1984-01-01,1,Brasil,2,%,9.67,1,Brasil,198401,janeiro 1984,63,IPCA - Variação mensal,1984-01-01
1984-02-01,1,Brasil,2,%,9.5,1,Brasil,198402,fevereiro 1984,63,IPCA - Variação mensal,1984-02-01
1984-03-01,1,Brasil,2,%,8.94,1,Brasil,198403,março 1984,63,IPCA - Variação mensal,1984-03-01
1984-04-01,1,Brasil,2,%,9.54,1,Brasil,198404,abril 1984,63,IPCA - Variação mensal,1984-04-01
1984-05-01,1,Brasil,2,%,9.05,1,Brasil,198405,maio 1984,63,IPCA - Variação mensal,1984-05-01
1984-06-01,1,Brasil,2,%,10.08,1,Brasil,198406,junho 1984,63,IPCA - Variação mensal,1984-06-01
1984-07-01,1,Brasil,2,%,9.72,1,Brasil,198407,julho 1984,63,IPCA - Variação mensal,1984-07-01
1984-08-01,1,Brasil,2,%,9.35,1,Brasil,198408,agosto 1984,63,IPCA - Variação mensal,1984-08-01
1984-09-01,1,Brasil,2,%,11.75,1,Brasil,198409,setembro 1984,63,IPCA - Variação mensal,1984-09-01
1984-10-01,1,Brasil,2,%,10.44,1,Brasil,198410,outubro 1984,63,IPCA - Variação mensal,1984-10-01
1984-11-01,1,Brasil,2,%,10.53,1,Brasil,198411,novembro 1984,63,IPCA - Variação mensal,1984-11-01
1984-12-01,1,Brasil,2,%,11.98,1,Brasil,198412,dezembro 1984,63,IPCA - Variação mensal,1984-12-01
1985-01-01,1,Brasil,2,%,11.76,1,Brasil,198501,janeiro 1985,63,IPCA - Variação mensal,1985-01-01
1985-02-01,1,Brasil,2,%,10.87,1,Brasil,198502,fevereiro 1985,63,IPCA - Variação mensal,1985-02-01
1985-03-01,1,Brasil,2,%,10.16,1,Brasil,198503,março 1985,63,IPCA - Variação mensal,1985-03-01
1985-04-01,1,Brasil,2,%,8.2,1,Brasil,198504,abril 1985,63,IPCA - Variação mensal,1985-04-01
1985-05-01,1,Brasil,2,%,7.2,1,Brasil,198505,maio 1985,63,IPCA - Variação mensal,1985-05-01
1985-06-01,1,Brasil,2,%,8.49,1,Brasil,198506,junho 1985,63,IPCA - Variação mensal,1985-06-01
1985-07-01,1,Brasil,2,%,10.31,1,Brasil,198507,julho 1985,63,IPCA - Variação mensal,1985-07-01
1985-08-01,1,Brasil,2,%,12.05,1,Brasil,198508,agosto 1985,63,IPCA - Variação mensal,1985-08-01
1985-09-01,1,Brasil,2,%,11.12,1,Brasil,198509,setembro 1985,63,IPCA - Variação mensal,1985-09-01
1985-10-01,1,Brasil,2,%,10.62,1,Brasil,198510,outubro 1985,63,IPCA - Variação mensal,1985-10-01
1985-11-01,1,Brasil,2,%,13.97,1,Brasil,198511,novembro 1985,63,IPCA - Variação mensal,1985-11-01
1985-12-01,1,Brasil,2,%,15.07,1,Brasil,198512,dezembro 1985,63,IPCA - Variação mensal,1985-12-01
1986-01-01,1,Brasil,2,%,14.37,1,Brasil,198601,janeiro 1986,63,IPCA - Variação mensal,1986-01-01
1986-02-01,1,Brasil,2,%,12.72,1,Brasil,198602,fevereiro 1986,63,IPCA - Variação mensal,1986-02-01
1986-03-01,1,Brasil,2,%,4.77,1,Brasil,198603,março 1986,63,IPCA - Variação mensal,1986-03-01
1986-04-01,1,Brasil,2,%,0.78,1,Brasil,198604,abril 1986,63,IPCA - Variação mensal,1986-04-01
1986-05-01,1,Brasil,2,%,1.4,1,Brasil,198605,maio 1986,63,IPCA - Variação mensal,1986-05-01
1986-06-01,1,Brasil,2,%,1.27,1,Brasil,198606,junho 1986,63,IPCA - Variação mensal,1986-06-01
1986-07-01,1,Brasil,2,%,1.71,1,Brasil,198607,julho 1986,63,IPCA - Variação mensal,1986-07-01
1986-08-01,1,Brasil,2,%,3.55,1,Brasil,198608,agosto 1986,63,IPCA - Variação mensal,1986-08-01
1986-09-01,1,Brasil,2,%,1.72,1,Brasil,198609,setembro 1986,63,IPCA - Variação mensal,1986-09-01
1986-10-01,1,Brasil,2,%,1.9,1,Brasil,198610,outubro 1986,63,IPCA - Variação mensal,1986-10-01
1986-11-01,1,Brasil,2,%,5.45,1,Brasil,198611,novembro 1986,63,IPCA - Variação mensal,1986-11-01
1986-12-01,1,Brasil,2,%,11.65,1,Brasil,198612,dezembro 1986,63,IPCA - Variação mensal,1986-12-01
1987-01-01,1,Brasil,2,%,13.21,1,Brasil,198701,janeiro 1987,63,IPCA - Variação mensal,1987-01-01
1987-02-01,1,Brasil,2,%,12.64,1,Brasil,198702,fevereiro 1987,63,IPCA - Variação mensal,1987-02-01
1987-03-01,1,Brasil,2,%,16.37,1,Brasil,198703,março 1987,63,IPCA - Variação mensal,1987-03-01
1987-04-01,1,Brasil,2,%,19.1,1,Brasil,198704,abril 1987,63,IPCA - Variação mensal,1987-04-01
1987-05-01,1,Brasil,2,%,21.45,1,Brasil,198705,maio 1987,63,IPCA - Variação mensal,1987-05-01
1987-06-01,1,Brasil,2,%,19.71,1,Brasil,198706,junho 1987,63,IPCA - Variação mensal,1987-06-01
1987-07-01,1,Brasil,2,%,9.21,1,Brasil,198707,julho 1987,63,IPCA - Variação mensal,1987-07-01
1987-08-01,1,Brasil,2,%,4.87,1,Brasil,198708,agosto 1987,63,IPCA - Variação mensal,1987-08-01
1987-09-01,1,Brasil,2,%,7.78,1,Brasil,198709,setembro 1987,63,IPCA - Variação mensal,1987-09-01
1987-10-01,1,Brasil,2,%,11.22,1,Brasil,198710,outubro 1987,63,IPCA - Variação mensal,1987-10-01
1987-11-01,1,Brasil,2,%,15.08,1,Brasil,198711,novembro 1987,63,IPCA - Variação mensal,1987-11-01
1987-12-01,1,Brasil,2,%,14.15,1,Brasil,198712,dezembro 1987,63,IPCA - Variação mensal,1987-12-01
1988-01-01,1,Brasil,2,%,18.89,1,Brasil,198801,janeiro 1988,63,IPCA - Variação mensal,1988-01-01
1988-02-01,1,Brasil,2,%,15.7,1,Brasil,198802,fevereiro 1988,63,IPCA - Variação mensal,1988-02-01
1988-03-01,1,Brasil,2,%,17.6,1,Brasil,198803,março 1988,63,IPCA - Variação mensal,1988-03-01
1988-04-01,1,Brasil,2,%,19.29,1,Brasil,198804,abril 1988,63,IPCA - Variação mensal,1988-04-01
1988-05-01,1,Brasil,2,%,17.42,1,Brasil,198805,maio 1988,63,IPCA - Variação mensal,1988-05-01
1988-06-01,1,Brasil,2,%,22.0,1,Brasil,198806,junho 1988,63,IPCA - Variação mensal,1988-06-01
1988-07-01,1,Brasil,2,%,21.91,1,Brasil,198807,julho 1988,63,IPCA - Variação mensal,1988-07-01
1988-08-01,1,Brasil,2,%,21.59,1,Brasil,198808,agosto 1988,63,IPCA - Variação mensal,1988-08-01
1988-09-01,1,Brasil,2,%,27.45,1,Brasil,198809,setembro 1988,63,IPCA - Variação mensal,1988-09-01
1988-10-01,1,Brasil,2,%,25.62,1,Brasil,198810,outubro 1988,63,IPCA - Variação mensal,1988-10-01
1988-11-01,1,Brasil,2,%,27.94,1,Brasil,198811,novembro 1988,63,IPCA - Variação mensal,1988-11-01
1988-12-01,1,Brasil,2,%,28.7,1,Brasil,198812,dezembro 1988,63,IPCA - Variação mensal,1988-12-01
1989-01-01,1,Brasil,2,%,37.49,1,Brasil,198901,janeiro 1989,63,IPCA - Variação mensal,1989-01-01
1989-02-01,1,Brasil,2,%,16.78,1,Brasil,198902,fevereiro 1989,63,IPCA - Variação mensal,1989-02-01
1989-03-01,1,Brasil,2,%,6.82,1,Brasil,198903,março 1989,63,IPCA - Variação mensal,1989-03-01
1989-04-01,1,Brasil,2,%,8.33,1,Brasil,198904,abril 1989,63,IPCA - Variação mensal,1989-04-01
1989-05-01,1,Brasil,2,%,17.92,1,Brasil,198905,maio 1989,63,IPCA - Variação mensal,1989-05-01
1989-06-01,1,Brasil,2,%,28.65,1,Brasil,198906,junho 1989,63,IPCA - Variação mensal,1989-06-01
1989-07-01,1,Brasil,2,%,27.74,1,Brasil,198907,julho 1989,63,IPCA - Variação mensal,1989-07-01
1989-08-01,1,Brasil,2,%,33.71,1,Brasil,198908,agosto 1989,63,IPCA - Variação mensal,1989-08-01
1989-09-01,1,Brasil,2,%,37.56,1,Brasil,198909,setembro 1989,63,IPCA - Variação mensal,1989-09-01
1989-10-01,1,Brasil,2,%,39.77,1,Brasil,198910,outubro 1989,63,IPCA - Variação mensal,1989-10-01
1989-11-01,1,Brasil,2,%,47.82,1,Brasil,198911,novembro 1989,63,IPCA - Variação mensal,1989-11-01
1989-12-01,1,Brasil,2,%,51.5,1,Brasil,198912,dezembro 1989,63,IPCA - Variação mensal,1989-12-01
1990-01-01,1,Brasil,2,%,67.55,1,Brasil,199001,janeiro 1990,63,IPCA - Variação mensal,1990-01-01
1990-02-01,1,Brasil,2,%,75.73,1,Brasil,199002,fevereiro 1990,63,IPCA - Variação mensal,1990-02-01
1990-03-01,1,Brasil,2,%,82.39,1,Brasil,199003,março 1990,63,IPCA - Variação mensal,1990-03-01
1990-04-01,1,Brasil,2,%,15.52,1,Brasil,199004,abril 1990,63,IPCA - Variação mensal,1990-04-01
1990-05-01,1,Brasil,2,%,7.59,1,Brasil,199005,maio 1990,63,IPCA - Variação mensal,1990-05-01
1990-06-01,1,Brasil,2,%,11.75,1,Brasil,199006,junho 1990,63,IPCA - Variação mensal,1990-06-01
1990-07-01,1,Brasil,2,%,12.92,1,Brasil,199007,julho 1990,63,IPCA - Variação mensal,1990-07-01
1990-08-01,1,Brasil,2,%,12.88,1,Brasil,199008,agosto 1990,63,IPCA - Variação mensal,1990-08-01
1990-09-01,1,Brasil,2,%,14.41,1,Brasil,199009,setembro 1990,63,IPCA - Variação mensal,1990-09-01
1990-10-01,1,Brasil,2,%,14.36,1,Brasil,199010,outubro 1990,63,IPCA - Variação mensal,1990-10-01
1990-11-01,1,Brasil,2,%,16.81,1,Brasil,199011,novembro 1990,63,IPCA - Variação mensal,1990-11-01
1990-12-01,1,Brasil,2,%,18.44,1,Brasil,199012,dezembro 1990,63,IPCA - Variação mensal,1990-12-01
1991-01-01,1,Brasil,2,%,20.75,1,Brasil,199101,janeiro 1991,63,IPCA - Variação mensal,1991-01-01
1991-02-01,1,Brasil,2,%,20.72,1,Brasil,199102,fevereiro 1991,63,IPCA - Variação mensal,1991-02-01
1991-03-01,1,Brasil,2,%,11.92,1,Brasil,199103,março 1991,63,IPCA - Variação mensal,1991-03-01
1991-04-01,1,Brasil,2,%,4.99,1,Brasil,199104,abril 1991,63,IPCA - Variação mensal,1991-04-01
1991-05-01,1,Brasil,2,%,7.43,1,Brasil,199105,maio 1991,63,IPCA - Variação mensal,1991-05-01
1991-06-01,1,Brasil,2,%,11.19,1,Brasil,199106,junho 1991,63,IPCA - Variação mensal,1991-06-01
1991-07-01,1,Brasil,2,%,12.41,1,Brasil,199107,julho 1991,63,IPCA - Variação mensal,1991-07-01
1991-08-01,1,Brasil,2,%,15.63,1,Brasil,199108,agosto 1991,63,IPCA - Variação mensal,1991-08-01
1991-09-01,1,Brasil,2,%,15.63,1,Brasil,199109,setembro 1991,63,IPCA - Variação mensal,1991-09-01
1991-10-01,1,Brasil,2,%,20.23,1,Brasil,199110,outubro 1991,63,IPCA - Variação mensal,1991-10-01
1991-11-01,1,Brasil,2,%,25.21,1,Brasil,199111,novembro 1991,63,IPCA - Variação mensal,1991-11-01
1991-12-01,1,Brasil,2,%,23.71,1,Brasil,199112,dezembro 1991,63,IPCA - Variação mensal,1991-12-01
1992-01-01,1,Brasil,2,%,25.94,1,Brasil,199201,janeiro 1992,63,IPCA - Variação mensal,1992-01-01
1992-02-01,1,Brasil,2,%,24.32,1,Brasil,199202,fevereiro 1992,63,IPCA - Variação mensal,1992-02-01
1992-03-01,1,Brasil,2,%,21.4,1,Brasil,199203,março 1992,63,IPCA - Variação mensal,1992-03-01
1992-04-01,1,Brasil,2,%,19.93,1,Brasil,199204,abril 1992,63,IPCA - Variação mensal,1992-04-01
1992-05-01,1,Brasil,2,%,24.86,1,Brasil,199205,maio 1992,63,IPCA - Variação mensal,1992-05-01
1992-06-01,1,Brasil,2,%,20.21,1,Brasil,199206,junho 1992,63,IPCA - Variação mensal,1992-06-01
1992-07-01,1,Brasil,2,%,21.83,1,Brasil,199207,julho 1992,63,IPCA - Variação mensal,1992-07-01
1992-08-01,1,Brasil,2,%,22.14,1,Brasil,199208,agosto 1992,63,IPCA - Variação mensal,1992-08-01
1992-09-01,1,Brasil,2,%,24.63,1,Brasil,199209,setembro 1992,63,IPCA - Variação mensal,1992-09-01
1992-10-01,1,Brasil,2,%,25.24,1,Brasil,199210,outubro 1992,63,IPCA - Variação mensal,1992-10-01
1992-11-01,1,Brasil,2,%,22.49,1,Brasil,199211,novembro 1992,63,IPCA - Variação mensal,1992-11-01
1992-12-01,1,Brasil,2,%,25.24,1,Brasil,199212,dezembro 1992,63,IPCA - Variação mensal,1992-12-01
1993-01-01,1,Brasil,2,%,30.35,1,Brasil,199301,janeiro 1993,63,IPCA - Variação mensal,1993-01-01
1993-02-01,1,Brasil,2,%,24.98,1,Brasil,199302,fevereiro 1993,63,IPCA - Variação mensal,1993-02-01
1993-03-01,1,Brasil,2,%,27.26,1,Brasil,199303,março 1993,63,IPCA - Variação mensal,1993-03-01
1993-04-01,1,Brasil,2,%,27.75,1,Brasil,199304,abril 1993,63,IPCA - Variação mensal,1993-04-01
1993-05-01,1,Brasil,2,%,27.69,1,Brasil,199305,maio 1993,63,IPCA - Variação mensal,1993-05-01
1993-06-01,1,Brasil,2,%,30.07,1,Brasil,199306,junho 1993,63,IPCA - Variação mensal,1993-06-01
1993-07-01,1,Brasil,2,%,30.72,1,Brasil,199307,julho 1993,63,IPCA - Variação mensal,1993-07-01
1993-08-01,1,Brasil,2,%,32.96,1,Brasil,199308,agosto 1993,63,IPCA - Variação mensal,1993-08-01
1993-09-01,1,Brasil,2,%,35.69,1,Brasil,199309,setembro 1993,63,IPCA - Variação mensal,1993-09-01
1993-10-01,1,Brasil,2,%,33.92,1,Brasil,199310,outubro 1993,63,IPCA - Variação mensal,1993-10-01
1993-11-01,1,Brasil,2,%,35.56,1,Brasil,199311,novembro 1993,63,IPCA - Variação mensal,1993-11-01
1993-12-01,1,Brasil,2,%,36.84,1,Brasil,199312,dezembro 1993,63,IPCA - Variação mensal,1993-12-01
1994-01-01,1,Brasil,2,%,41.31,1,Brasil,199401,janeiro 1994,63,IPCA - Variação mensal,1994-01-01
1994-02-01,1,Brasil,2,%,40.27,1,Brasil,199402,fevereiro 1994,63,IPCA - Variação mensal,1994-02-01
1994-03-01,1,Brasil,2,%,42.75,1,Brasil,199403,março 1994,63,IPCA - Variação mensal,1994-03-01
1994-04-01,1,Brasil,2,%,42.68,1,Brasil,199404,abril 1994,63,IPCA - Variação mensal,1994-04-01
1994-05-01,1,Brasil,2,%,44.03,1,Brasil,199405,maio 1994,63,IPCA - Variação mensal,1994-05-01
1994-06-01,1,Brasil,2,%,47.43,1,Brasil,199406,junho 1994,63,IPCA - Variação mensal,1994-06-01
1994-07-01,1,Brasil,2,%,6.84,1,Brasil,199407,julho 1994,63,IPCA - Variação mensal,1994-07-01
1994-08-01,1,Brasil,2,%,1.86,1,Brasil,199408,agosto 1994,63,IPCA - Variação mensal,1994-08-01
1994-09-01,1,Brasil,2,%,1.53,1,Brasil,199409,setembro 1994,63,IPCA - Variação mensal,1994-09-01
1994-10-01,1,Brasil,2,%,2.62,1,Brasil,199410,outubro 1994,63,IPCA - Variação mensal,1994-10-01
1994-11-01,1,Brasil,2,%,2.81,1,Brasil,199411,novembro 1994,63,IPCA - Variação mensal,1994-11-01
1994-12-01,1,Brasil,2,%,1.71,1,Brasil,199412,dezembro 1994,63,IPCA - Variação mensal,1994-12-01
1995-01-01,1,Brasil,2,%,1.7,1,Brasil,199501,janeiro 1995,63,IPCA - Variação mensal,1995-01-01
1995-02-01,1,Brasil,2,%,1.02,1,Brasil,199502,fevereiro 1995,63,IPCA - Variação mensal,1995-02-01
1995-03-01,1,Brasil,2,%,1.55,1,Brasil,199503,março 1995,63,IPCA - Variação mensal,1995-03-01
1995-04-01,1,Brasil,2,%,2.43,1,Brasil,199504,abril 1995,63,IPCA - Variação mensal,1995-04-01
1995-05-01,1,Brasil,2,%,2.67,1,Brasil,199505,maio 1995,63,IPCA - Variação mensal,1995-05-01
1995-06-01,1,Brasil,2,%,2.26,1,Brasil,199506,junho 1995,63,IPCA - Variação mensal,1995-06-01
1995-07-01,1,Brasil,2,%,2.36,1,Brasil,199507,julho 1995,63,IPCA - Variação mensal,1995-07-01
1995-08-01,1,Brasil,2,%,0.99,1,Brasil,199508,agosto 1995,63,IPCA - Variação mensal,1995-08-01
1995-09-01,1,Brasil,2,%,0.99,1,Brasil,199509,setembro 1995,63,IPCA - Variação mensal,1995-09-01
1995-10-01,1,Brasil,2,%,1.41,1,Brasil,199510,outubro 1995,63,IPCA - Variação mensal,1995-10-01
1995-11-01,1,Brasil,2,%,1.47,1,Brasil,199511,novembro 1995,63,IPCA - Variação mensal,1995-11-01
1995-12-01,1,Brasil,2,%,1.56,1,Brasil,199512,dezembro 1995,63,IPCA - Variação mensal,1995-12-01
1996-01-01,1,Brasil,2,%,1.34,1,Brasil,199601,janeiro 1996,63,IPCA - Variação mensal,1996-01-01
1996-02-01,1,Brasil,2,%,1.03,1,Brasil,199602,fevereiro 1996,63,IPCA - Variação mensal,1996-02-01
1996-03-01,1,Brasil,2,%,0.35,1,Brasil,199603,março 1996,63,IPCA - Variação mensal,1996-03-01
1996-04-01,1,Brasil,2,%,1.26,1,Brasil,199604,abril 1996,63,IPCA - Variação mensal,1996-04-01
1996-05-01,1,Brasil,2,%,1.22,1,Brasil,199605,maio 1996,63,IPCA - Variação mensal,1996-05-01
1996-06-01,1,Brasil,2,%,1.19,1,Brasil,199606,junho 1996,63,IPCA - Variação mensal,1996-06-01
1996-07-01,1,Brasil,2,%,1.11,1,Brasil,199607,julho 1996,63,IPCA - Variação mensal,1996-07-01
1996-08-01,1,Brasil,2,%,0.44,1,Brasil,199608,agosto 1996,63,IPCA - Variação mensal,1996-08-01
1996-09-01,1,Brasil,2,%,0.15,1,Brasil,199609,setembro 1996,63,IPCA - Variação mensal,1996-09-01
1996-10-01,1,Brasil,2,%,0.3,1,Brasil,199610,outubro 1996,63,IPCA - Variação mensal,1996-10-01
1996-11-01,1,Brasil,2,%,0.32,1,Brasil,199611,novembro 1996,63,IPCA - Variação mensal,1996-11-01
1996-12-01,1,Brasil,2,%,0.47,1,Brasil,199612,dezembro 1996,63,IPCA - Variação mensal,1996-12-01
1997-01-01,1,Brasil,2,%,1.18,1,Brasil,199701,janeiro 1997,63,IPCA - Variação mensal,1997-01-01
1997-02-01,1,Brasil,2,%,0.5,1,Brasil,199702,fevereiro 1997,63,IPCA - Variação mensal,1997-02-01
1997-03-01,1,Brasil,2,%,0.51,1,Brasil,199703,março 1997,63,IPCA - Variação mensal,1997-03-01
1997-04-01,1,Brasil,2,%,0.88,1,Brasil,199704,abril 1997,63,IPCA - Variação mensal,1997-04-01
1997-05-01,1,Brasil,2,%,0.41,1,Brasil,199705,maio 1997,63,IPCA - Variação mensal,1997-05-01
1997-06-01,1,Brasil,2,%,0.54,1,Brasil,199706,junho 1997,63,IPCA - Variação mensal,1997-06-01
1997-07-01,1,Brasil,2,%,0.22,1,Brasil,199707,julho 1997,63,IPCA - Variação mensal,1997-07-01
1997-08-01,1,Brasil,2,%,-0.02,1,Brasil,199708,agosto 1997,63,IPCA - Variação mensal,1997-08-01
1997-09-01,1,Brasil,2,%,0.06,1,Brasil,199709,setembro 1997,63,IPCA - Variação mensal,1997-09-01
1997-10-01,1,Brasil,2,%,0.23,1,Brasil,199710,outubro 1997,63,IPCA - Variação mensal,1997-10-01
1997-11-01,1,Brasil,2,%,0.17,1,Brasil,199711,novembro 1997,63,IPCA - Variação mensal,1997-11-01
1997-12-01,1,Brasil,2,%,0.43,1,Brasil,199712,dezembro 1997,63,IPCA - Variação mensal,1997-12-01
1998-01-01,1,Brasil,2,%,0.71,1,Brasil,199801,janeiro 1998,63,IPCA - Variação mensal,1998-01-01
1998-02-01,1,Brasil,2,%,0.46,1,Brasil,199802,fevereiro 1998,63,IPCA - Variação mensal,1998-02-01
1998-03-01,1,Brasil,2,%,0.34,1,Brasil,199803,março 1998,63,IPCA - Variação mensal,1998-03-01
1998-04-01,1,Brasil,2,%,0.24,1,Brasil,199804,abril 1998,63,IPCA - Variação mensal,1998-04-01
1998-05-01,1,Brasil,2,%,0.5,1,Brasil,199805,maio 1998,63,IPCA - Variação mensal,1998-05-01
1998-06-01,1,Brasil,2,%,0.02,1,Brasil,199806,junho 1998,63,IPCA - Variação mensal,1998-06-01
1998-07-01,1,Brasil,2,%,-0.12,1,Brasil,199807,julho 1998,63,IPCA - Variação mensal,1998-07-01
1998-08-01,1,Brasil,2,%,-0.51,1,Brasil,199808,agosto 1998,63,IPCA - Variação mensal,1998-08-01
1998-09-01,1,Brasil,2,%,-0.22,1,Brasil,199809,setembro 1998,63,IPCA - Variação mensal,1998-09-01
1998-10-01,1,Brasil,2,%,0.02,1,Brasil,199810,outubro 1998,63,IPCA - Variação mensal,1998-10-01
1998-11-01,1,Brasil,2,%,-0.12,1,Brasil,199811,novembro 1998,63,IPCA - Variação mensal,1998-11-01
1998-12-01,1,Brasil,2,%,0.33,1,Brasil,199812,dezembro 1998,63,IPCA - Variação mensal,1998-12-01
1999-01-01,1,Brasil,2,%,0.7,1,Brasil,199901,janeiro 1999,63,IPCA - Variação mensal,1999-01-01
1999-02-01,1,Brasil,2,%,1.05,1,Brasil,199902,fevereiro 1999,63,IPCA - Variação mensal,1999-02-01
1999-03-01,1,Brasil,2,%,1.1,1,Brasil,199903,março 1999,63,IPCA - Variação mensal,1999-03-01
1999-04-01,1,Brasil,2,%,0.56,1,Brasil,199904,abril 1999,63,IPCA - Variação mensal,1999-04-01
1999-05-01,1,Brasil,2,%,0.3,1,Brasil,199905,maio 1999,63,IPCA - Variação mensal,1999-05-01
1999-06-01,1,Brasil,2,%,0.19,1,Brasil,199906,junho 1999,63,IPCA - Variação mensal,1999-06-01
1999-07-01,1,Brasil,2,%,1.09,1,Brasil,199907,julho 1999,63,IPCA - Variação mensal,1999-07-01
1999-08-01,1,Brasil,2,%,0.56,1,Brasil,199908,agosto 1999,63,IPCA - Variação mensal,1999-08-01
1999-09-01,1,Brasil,2,%,0.31,1,Brasil,199909,setembro 1999,63,IPCA - Variação mensal,1999-09-01
1999-10-01,1,Brasil,2,%,1.19,1,Brasil,199910,outubro 1999,63,IPCA - Variação mensal,1999-10-01
1999-11-01,1,Brasil,2,%,0.95,1,Brasil,199911,novembro 1999,63,IPCA - Variação mensal,1999-11-01
1999-12-01,1,Brasil,2,%,0.6,1,Brasil,199912,dezembro 1999,63,IPCA - Variação mensal,1999-12-01
2000-01-01,1,Brasil,2,%,0.62,1,Brasil,200001,janeiro 2000,63,IPCA - Variação mensal,2000-01-01
2000-02-01,1,Brasil,2,%,0.13,1,Brasil,200002,fevereiro 2000,63,IPCA - Variação mensal,2000-02-01
2000-03-01,1,Brasil,2,%,0.22,1,Brasil,200003,março 2000,63,IPCA - Variação mensal,2000-03-01
2000-04-01,1,Brasil,2,%,0.42,1,Brasil,200004,abril 2000,63,IPCA - Variação mensal,2000-04-01
2000-05-01,1,Brasil,2,%,0.01,1,Brasil,200005,maio 2000,63,IPCA - Variação mensal,2000-05-01
2000-06-01,1,Brasil,2,%,0.23,1,Brasil,200006,junho 2000,63,IPCA - Variação mensal,2000-06-01
2000-07-01,1,Brasil,2,%,1.61,1,Brasil,200007,julho 2000,63,IPCA - Variação mensal,2000-07-01
2000-08-01,1,Brasil,2,%,1.31,1,Brasil,200008,agosto 2000,63,IPCA - Variação mensal,2000-08-01
2000-09-01,1,Brasil,2,%,0.23,1,Brasil,200009,setembro 2000,63,IPCA - Variação mensal,2000-09-01
2000-10-01,1,Brasil,2,%,0.14,1,Brasil,200010,outubro 2000,63,IPCA - Variação mensal,2000-10-01
2000-11-01,1,Brasil,2,%,0.32,1,Brasil,200011,novembro 2000,63,IPCA - Variação mensal,2000-11-01
2000-12-01,1,Brasil,2,%,0.59,1,Brasil,200012,dezembro 2000,63,IPCA - Variação mensal,2000-12-01
2001-01-01,1,Brasil,2,%,0.57,1,Brasil,200101,janeiro 2001,63,IPCA - Variação mensal,2001-01-01
2001-02-01,1,Brasil,2,%,0.46,1,Brasil,200102,fevereiro 2001,63,IPCA - Variação mensal,2001-02-01
2001-03-01,1,Brasil,2,%,0.38,1,Brasil,200103,março 2001,63,IPCA - Variação mensal,2001-03-01
2001-04-01,1,Brasil,2,%,0.58,1,Brasil,200104,abril 2001,63,IPCA - Variação mensal,2001-04-01
2001-05-01,1,Brasil,2,%,0.41,1,Brasil,200105,maio 2001,63,IPCA - Variação mensal,2001-05-01
2001-06-01,1,Brasil,2,%,0.52,1,Brasil,200106,junho 2001,63,IPCA - Variação mensal,2001-06-01
2001-07-01,1,Brasil,2,%,1.33,1,Brasil,200107,julho 2001,63,IPCA - Variação mensal,2001-07-01
2001-08-01,1,Brasil,2,%,0.7,1,Brasil,200108,agosto 2001,63,IPCA - Variação mensal,2001-08-01
2001-09-01,1,Brasil,2,%,0.28,1,Brasil,200109,setembro 2001,63,IPCA - Variação mensal,2001-09-01
2001-10-01,1,Brasil,2,%,0.83,1,Brasil,200110,outubro 2001,63,IPCA - Variação mensal,2001-10-01
2001-11-01,1,Brasil,2,%,0.71,1,Brasil,200111,novembro 2001,63,IPCA - Variação mensal,2001-11-01
2001-12-01,1,Brasil,2,%,0.65,1,Brasil,200112,dezembro 2001,63,IPCA - Variação mensal,2001-12-01
2002-01-01,1,Brasil,2,%,0.52,1,Brasil,200201,janeiro 2002,63,IPCA - Variação mensal,2002-01-01
2002-02-01,1,Brasil,2,%,0.36,1,Brasil,200202,fevereiro 2002,63,IPCA - Variação mensal,2002-02-01
2002-03-01,1,Brasil,2,%,0.6,1,Brasil,200203,março 2002,63,IPCA - Variação mensal,2002-03-01
2002-04-01,1,Brasil,2,%,0.8,1,Brasil,200204,abril 2002,63,IPCA - Variação mensal,2002-04-01
2002-05-01,1,Brasil,2,%,0.21,1,Brasil,200205,maio 2002,63,IPCA - Variação mensal,2002-05-01
2002-06-01,1,Brasil,2,%,0.42,1,Brasil,200206,junho 2002,63,IPCA - Variação mensal,2002-06-01
2002-07-01,1,Brasil,2,%,1.19,1,Brasil,200207,julho 2002,63,IPCA - Variação mensal,2002-07-01
2002-08-01,1,Brasil,2,%,0.65,1,Brasil,200208,agosto 2002,63,IPCA - Variação mensal,2002-08-01
2002-09-01,1,Brasil,2,%,0.72,1,Brasil,200209,setembro 2002,63,IPCA - Variação mensal,2002-09-01
2002-10-01,1,Brasil,2,%,1.31,1,Brasil,200210,outubro 2002,63,IPCA - Variação mensal,2002-10-01
2002-11-01,1,Brasil,2,%,3.02,1,Brasil,200211,novembro 2002,63,IPCA - Variação mensal,2002-11-01
2002-12-01,1,Brasil,2,%,2.1,1,Brasil,200212,dezembro 2002,63,IPCA - Variação mensal,2002-12-01
2003-01-01,1,Brasil,2,%,2.25,1,Brasil,200301,janeiro 2003,63,IPCA - Variação mensal,2003-01-01
2003-02-01,1,Brasil,2,%,1.57,1,Brasil,200302,fevereiro 2003,63,IPCA - Variação mensal,2003-02-01
2003-03-01,1,Brasil,2,%,1.23,1,Brasil,200303,março 2003,63,IPCA - Variação mensal,2003-03-01
2003-04-01,1,Brasil,2,%,0.97,1,Brasil,200304,abril 2003,63,IPCA - Variação mensal,2003-04-01
2003-05-01,1,Brasil,2,%,0.61,1,Brasil,200305,maio 2003,63,IPCA - Variação mensal,2003-05-01
2003-06-01,1,Brasil,2,%,-0.15,1,Brasil,200306,junho 2003,63,IPCA - Variação mensal,2003-06-01
2003-07-01,1,Brasil,2,%,0.2,1,Brasil,200307,julho 2003,63,IPCA - Variação mensal,2003-07-01
2003-08-01,1,Brasil,2,%,0.34,1,Brasil,200308,agosto 2003,63,IPCA - Variação mensal,2003-08-01
2003-09-01,1,Brasil,2,%,0.78,1,Brasil,200309,setembro 2003,63,IPCA - Variação mensal,2003-09-01
2003-10-01,1,Brasil,2,%,0.29,1,Brasil,200310,outubro 2003,63,IPCA - Variação mensal,2003-10-01
2003-11-01,1,Brasil,2,%,0.34,1,Brasil,200311,novembro 2003,63,IPCA - Variação mensal,2003-11-01
2003-12-01,1,Brasil,2,%,0.52,1,Brasil,200312,dezembro 2003,63,IPCA - Variação mensal,2003-12-01
2004-01-01,1,Brasil,2,%,0.76,1,Brasil,200401,janeiro 2004,63,IPCA - Variação mensal,2004-01-01
2004-02-01,1,Brasil,2,%,0.61,1,Brasil,200402,fevereiro 2004,63,IPCA - Variação mensal,2004-02-01
2004-03-01,1,Brasil,2,%,0.47,1,Brasil,200403,março 2004,63,IPCA - Variação mensal,2004-03-01
2004-04-01,1,Brasil,2,%,0.37,1,Brasil,200404,abril 2004,63,IPCA - Variação mensal,2004-04-01
2004-05-01,1,Brasil,2,%,0.51,1,Brasil,200405,maio 2004,63,IPCA - Variação mensal,2004-05-01
2004-06-01,1,Brasil,2,%,0.71,1,Brasil,200406,junho 2004,63,IPCA - Variação mensal,2004-06-01
2004-07-01,1,Brasil,2,%,0.91,1,Brasil,200407,julho 2004,63,IPCA - Variação mensal,2004-07-01
2004-08-01,1,Brasil,2,%,0.69,1,Brasil,200408,agosto 2004,63,IPCA - Variação mensal,2004-08-01
2004-09-01,1,Brasil,2,%,0.33,1,Brasil,200409,setembro 2004,63,IPCA - Variação mensal,2004-09-01
2004-10-01,1,Brasil,2,%,0.44,1,Brasil,200410,outubro 2004,63,IPCA - Variação mensal,2004-10-01
2004-11-01,1,Brasil,2,%,0.69,1,Brasil,200411,novembro 2004,63,IPCA - Variação mensal,2004-11-01
2004-12-01,1,Brasil,2,%,0.86,1,Brasil,200412,dezembro 2004,63,IPCA - Variação mensal,2004-12-01
2005-01-01,1,Brasil,2,%,0.58,1,Brasil,200501,janeiro 2005,63,IPCA - Variação mensal,2005-01-01
2005-02-01,1,Brasil,2,%,0.59,1,Brasil,200502,fevereiro 2005,63,IPCA - Variação mensal,2005-02-01
2005-03-01,1,Brasil,2,%,0.61,1,Brasil,200503,março 2005,63,IPCA - Variação mensal,2005-03-01
2005-04-01,1,Brasil,2,%,0.87,1,Brasil,200504,abril 2005,63,IPCA - Variação mensal,2005-04-01
2005-05-01,1,Brasil,2,%,0.49,1,Brasil,200505,maio 2005,63,IPCA - Variação mensal,2005-05-01
2005-06-01,1,Brasil,2,%,-0.02,1,Brasil,200506,junho 2005,63,IPCA - Variação mensal,2005-06-01
2005-07-01,1,Brasil,2,%,0.25,1,Brasil,200507,julho 2005,63,IPCA - Variação mensal,2005-07-01
2005-08-01,1,Brasil,2,%,0.17,1,Brasil,200508,agosto 2005,63,IPCA - Variação mensal,2005-08-01
2005-09-01,1,Brasil,2,%,0.35,1,Brasil,200509,setembro 2005,63,IPCA - Variação mensal,2005-09-01
2005-10-01,1,Brasil,2,%,0.75,1,Brasil,200510,outubro 2005,63,IPCA - Variação mensal,2005-10-01
2005-11-01,1,Brasil,2,%,0.55,1,Brasil,200511,novembro 2005,63,IPCA - Variação mensal,2005-11-01
2005-12-01,1,Brasil,2,%,0.36,1,Brasil,200512,dezembro 2005,63,IPCA - Variação mensal,2005-12-01
2006-01-01,1,Brasil,2,%,0.59,1,Brasil,200601,janeiro 2006,63,IPCA - Variação mensal,2006-01-01
2006-02-01,1,Brasil,2,%,0.41,1,Brasil,200602,fevereiro 2006,63,IPCA - Variação mensal,2006-02-01
2006-03-01,1,Brasil,2,%,0.43,1,Brasil,200603,março 2006,63,IPCA - Variação mensal,2006-03-01
2006-04-01,1,Brasil,2,%,0.21,1,Brasil,200604,abril 2006,63,IPCA - Variação mensal,2006-04-01
2006-05-01,1,Brasil,2,%,0.1,1,Brasil,200605,maio 2006,63,IPCA - Variação mensal,2006-05-01
2006-06-01,1,Brasil,2,%,-0.21,1,Brasil,200606,junho 2006,63,IPCA - Variação mensal,2006-06-01
2006-07-01,1,Brasil,2,%,0.19,1,Brasil,200607,julho 2006,63,IPCA - Variação mensal,2006-07-01
2006-08-01,1,Brasil,2,%,0.05,1,Brasil,200608,agosto 2006,63,IPCA - Variação mensal,2006-08-01
2006-09-01,1,Brasil,2,%,0.21,1,Brasil,200609,setembro 2006,63,IPCA - Variação mensal,2006-09-01
2006-10-01,1,Brasil,2,%,0.33,1,Brasil,200610,outubro 2006,63,IPCA - Variação mensal,2006-10-01
2006-11-01,1,Brasil,2,%,0.31,1,Brasil,200611,novembro 2006,63,IPCA - Variação mensal,2006-11-01
2006-12-01,1,Brasil,2,%,0.48,1,Brasil,200612,dezembro 2006,63,IPCA - Variação mensal,2006-12-01
2007-01-01,1,Brasil,2,%,0.44,1,Brasil,200701,janeiro 2007,63,IPCA - Variação mensal,2007-01-01
2007-02-01,1,Brasil,2,%,0.44,1,Brasil,200702,fevereiro 2007,63,IPCA - Variação mensal,2007-02-01
2007-03-01,1,Brasil,2,%,0.37,1,Brasil,200703,março 2007,63,IPCA - Variação mensal,2007-03-01
2007-04-01,1,Brasil,2,%,0.25,1,Brasil,200704,abril 2007,63,IPCA - Variação mensal,2007-04-01
2007-05-01,1,Brasil,2,%,0.28,1,Brasil,200705,maio 2007,63,IPCA - Variação mensal,2007-05-01
2007-06-01,1,Brasil,2,%,0.28,1,Brasil,200706,junho 2007,63,IPCA - Variação mensal,2007-06-01
2007-07-01,1,Brasil,2,%,0.24,1,Brasil,200707,julho 2007,63,IPCA - Variação mensal,2007-07-01
2007-08-01,1,Brasil,2,%,0.47,1,Brasil,200708,agosto 2007,63,IPCA - Variação mensal,2007-08-01
2007-09-01,1,Brasil,2,%,0.18,1,Brasil,200709,setembro 2007,63,IPCA - Variação mensal,2007-09-01
2007-10-01,1,Brasil,2,%,0.3,1,Brasil,200710,outubro 2007,63,IPCA - Variação mensal,2007-10-01
2007-11-01,1,Brasil,2,%,0.38,1,Brasil,200711,novembro 2007,63,IPCA - Variação mensal,2007-11-01
2007-12-01,1,Brasil,2,%,0.74,1,Brasil,200712,dezembro 2007,63,IPCA - Variação mensal,2007-12-01
2008-01-01,1,Brasil,2,%,0.54,1,Brasil,200801,janeiro 2008,63,IPCA - Variação mensal,2008-01-01
2008-02-01,1,Brasil,2,%,0.49,1,Brasil,200802,fevereiro 2008,63,IPCA - Variação mensal,2008-02-01
2008-03-01,1,Brasil,2,%,0.48,1,Brasil,200803,março 2008,63,IPCA - Variação mensal,2008-03-01
2008-04-01,1,Brasil,2,%,0.55,1,Brasil,200804,abril 2008,63,IPCA - Variação mensal,2008-04-01
2008-05-01,1,Brasil,2,%,0.79,1,Brasil,200805,maio 2008,63,IPCA - Variação mensal,2008-05-01
2008-06-01,1,Brasil,2,%,0.74,1,Brasil,200806,junho 2008,63,IPCA - Variação mensal,2008-06-01
2008-07-01,1,Brasil,2,%,0.53,1,Brasil,200807,julho 2008,63,IPCA - Variação mensal,2008-07-01
2008-08-01,1,Brasil,2,%,0.28,1,Brasil,200808,agosto 2008,63,IPCA - Variação mensal,2008-08-01
2008-09-01,1,Brasil,2,%,0.26,1,Brasil,200809,setembro 2008,63,IPCA - Variação mensal,2008-09-01
2008-10-01,1,Brasil,2,%,0.45,1,Brasil,200810,outubro 2008,63,IPCA - Variação mensal,2008-10-01
2008-11-01,1,Brasil,2,%,0.36,1,Brasil,200811,novembro 2008,63,IPCA - Variação mensal,2008-11-01
2008-12-01,1,Brasil,2,%,0.28,1,Brasil,200812,dezembro 2008,63,IPCA - Variação mensal,2008-12-01
2009-01-01,1,Brasil,2,%,0.48,1,Brasil,200901,janeiro 2009,63,IPCA - Variação mensal,2009-01-01
2009-02-01,1,Brasil,2,%,0.55,1,Brasil,200902,fevereiro 2009,63,IPCA - Variação mensal,2009-02-01
2009-03-01,1,Brasil,2,%,0.2,1,Brasil,200903,março 2009,63,IPCA - Variação mensal,2009-03-01
2009-04-01,1,Brasil,2,%,0.48,1,Brasil,200904,abril 2009,63,IPCA - Variação mensal,2009-04-01
2009-05-01,1,Brasil,2,%,0.47,1,Brasil,200905,maio 2009,63,IPCA - Variação mensal,2009-05-01
2009-06-01,1,Brasil,2,%,0.36,1,Brasil,200906,junho 2009,63,IPCA - Variação mensal,2009-06-01
2009-07-01,1,Brasil,2,%,0.24,1,Brasil,200907,julho 2009,63,IPCA - Variação mensal,2009-07-01
2009-08-01,1,Brasil,2,%,0.15,1,Brasil,200908,agosto 2009,63,IPCA - Variação mensal,2009-08-01
2009-09-01,1,Brasil,2,%,0.24,1,Brasil,200909,setembro 2009,63,IPCA - Variação mensal,2009-09-01
2009-10-01,1,Brasil,2,%,0.28,1,Brasil,200910,outubro 2009,63,IPCA - Variação mensal,2009-10-01
2009-11-01,1,Brasil,2,%,0.41,1,Brasil,200911,novembro 2009,63,IPCA - Variação mensal,2009-11-01
2009-12-01,1,Brasil,2,%,0.37,1,Brasil,200912,dezembro 2009,63,IPCA - Variação mensal,2009-12-01
2010-01-01,1,Brasil,2,%,0.75,1,Brasil,201001,janeiro 2010,63,IPCA - Variação mensal,2010-01-01
2010-02-01,1,Brasil,2,%,0.78,1,Brasil,201002,fevereiro 2010,63,IPCA - Variação mensal,2010-02-01
2010-03-01,1,Brasil,2,%,0.52,1,Brasil,201003,março 2010,63,IPCA - Variação mensal,2010-03-01
2010-04-01,1,Brasil,2,%,0.57,1,Brasil,201004,abril 2010,63,IPCA - Variação mensal,2010-04-01
2010-05-01,1,Brasil,2,%,0.43,1,Brasil,201005,maio 2010,63,IPCA - Variação mensal,2010-05-01
2010-06-01,1,Brasil,2,%,0.0,1,Brasil,201006,junho 2010,63,IPCA - Variação mensal,2010-06-01
2010-07-01,1,Brasil,2,%,0.01,1,Brasil,201007,julho 2010,63,IPCA - Variação mensal,2010-07-01
2010-08-01,1,Brasil,2,%,0.04,1,Brasil,201008,agosto 2010,63,IPCA - Variação mensal,2010-08-01
2010-09-01,1,Brasil,2,%,0.45,1,Brasil,201009,setembro 2010,63,IPCA - Variação mensal,2010-09-01
2010-10-01,1,Brasil,2,%,0.75,1,Brasil,201010,outubro 2010,63,IPCA - Variação mensal,2010-10-01
2010-11-01,1,Brasil,2,%,0.83,1,Brasil,201011,novembro 2010,63,IPCA - Variação mensal,2010-11-01
2010-12-01,1,Brasil,2,%,0.63,1,Brasil,201012,dezembro 2010,63,IPCA - Variação mensal,2010-12-01
2011-01-01,1,Brasil,2,%,0.83,1,Brasil,201101,janeiro 2011,63,IPCA - Variação mensal,2011-01-01
2011-02-01,1,Brasil,2,%,0.8,1,Brasil,201102,fevereiro 2011,63,IPCA - Variação mensal,2011-02-01
2011-03-01,1,Brasil,2,%,0.79,1,Brasil,201103,março 2011,63,IPCA - Variação mensal,2011-03-01
2011-04-01,1,Brasil,2,%,0.77,1,Brasil,201104,abril 2011,63,IPCA - Variação mensal,2011-04-01
2011-05-01,1,Brasil,2,%,0.47,1,Brasil,201105,maio 2011,63,IPCA - Variação mensal,2011-05-01
2011-06-01,1,Brasil,2,%,0.15,1,Brasil,201106,junho 2011,63,IPCA - Variação mensal,2011-06-01
2011-07-01,1,Brasil,2,%,0.16,1,Brasil,201107,julho 2011,63,IPCA - Variação mensal,2011-07-01
2011-08-01,1,Brasil,2,%,0.37,1,Brasil,201108,agosto 2011,63,IPCA - Variação mensal,2011-08-01
2011-09-01,1,Brasil,2,%,0.53,1,Brasil,201109,setembro 2011,63,IPCA - Variação mensal,2011-09-01
2011-10-01,1,Brasil,2,%,0.43,1,Brasil,201110,outubro 2011,63,IPCA - Variação mensal,2011-10-01
2011-11-01,1,Brasil,2,%,0.52,1,Brasil,201111,novembro 2011,63,IPCA - Variação mensal,2011-11-01
2011-12-01,1,Brasil,2,%,0.5,1,Brasil,201112,dezembro 2011,63,IPCA - Variação mensal,2011-12-01
2012-01-01,1,Brasil,2,%,0.56,1,Brasil,201201,janeiro 2012,63,IPCA - Variação mensal,2012-01-01
2012-02-01,1,Brasil,2,%,0.45,1,Brasil,201202,fevereiro 2012,63,IPCA - Variação mensal,2012-02-01
2012-03-01,1,Brasil,2,%,0.21,1,Brasil,201203,março 2012,63,IPCA - Variação mensal,2012-03-01
2012-04-01,1,Brasil,2,%,0.64,1,Brasil,201204,abril 2012,63,IPCA - Variação mensal,2012-04-01
2012-05-01,1,Brasil,2,%,0.36,1,Brasil,201205,maio 2012,63,IPCA - Variação mensal,2012-05-01
2012-06-01,1,Brasil,2,%,0.08,1,Brasil,201206,junho 2012,63,IPCA - Variação mensal,2012-06-01
2012-07-01,1,Brasil,2,%,0.43,1,Brasil,201207,julho 2012,63,IPCA - Variação mensal,2012-07-01
2012-08-01,1,Brasil,2,%,0.41,1,Brasil,201208,agosto 2012,63,IPCA - Variação mensal,2012-08-01
2012-09-01,1,Brasil,2,%,0.57,1,Brasil,201209,setembro 2012,63,IPCA - Variação mensal,2012-09-01
2012-10-01,1,Brasil,2,%,0.59,1,Brasil,201210,outubro 2012,63,IPCA - Variação mensal,2012-10-01
2012-11-01,1,Brasil,2,%,0.6,1,Brasil,201211,novembro 2012,63,IPCA - Variação mensal,2012-11-01
2012-12-01,1,Brasil,2,%,0.79,1,Brasil,201212,dezembro 2012,63,IPCA - Variação mensal,2012-12-01
2013-01-01,1,Brasil,2,%,0.86,1,Brasil,201301,janeiro 2013,63,IPCA - Variação mensal,2013-01-01
2013-02-01,1,Brasil,2,%,0.6,1,Brasil,201302,fevereiro 2013,63,IPCA - Variação mensal,2013-02-01
2013-03-01,1,Brasil,2,%,0.47,1,Brasil,201303,março 2013,63,IPCA - Variação mensal,2013-03-01
2013-04-01,1,Brasil,2,%,0.55,1,Brasil,201304,abril 2013,63,IPCA - Variação mensal,2013-04-01
2013-05-01,1,Brasil,2,%,0.37,1,Brasil,201305,maio 2013,63,IPCA - Variação mensal,2013-05-01
2013-06-01,1,Brasil,2,%,0.26,1,Brasil,201306,junho 2013,63,IPCA - Variação mensal,2013-06-01
2013-07-01,1,Brasil,2,%,0.03,1,Brasil,201307,julho 2013,63,IPCA - Variação mensal,2013-07-01
2013-08-01,1,Brasil,2,%,0.24,1,Brasil,201308,agosto 2013,63,IPCA - Variação mensal,2013-08-01
2013-09-01,1,Brasil,2,%,0.35,1,Brasil,201309,setembro 2013,63,IPCA - Variação mensal,2013-09-01
2013-10-01,1,Brasil,2,%,0.57,1,Brasil,201310,outubro 2013,63,IPCA - Variação mensal,2013-10-01
2013-11-01,1,Brasil,2,%,0.54,1,Brasil,201311,novembro 2013,63,IPCA - Variação mensal,2013-11-01
2013-12-01,1,Brasil,2,%,0.92,1,Brasil,201312,dezembro 2013,63,IPCA - Variação mensal,2013-12-01
2014-01-01,1,Brasil,2,%,0.55,1,Brasil,201401,janeiro 2014,63,IPCA - Variação mensal,2014-01-01
2014-02-01,1,Brasil,2,%,0.69,1,Brasil,201402,fevereiro 2014,63,IPCA - Variação mensal,2014-02-01
2014-03-01,1,Brasil,2,%,0.92,1,Brasil,201403,março 2014,63,IPCA - Variação mensal,2014-03-01
2014-04-01,1,Brasil,2,%,0.67,1,Brasil,201404,abril 2014,63,IPCA - Variação mensal,2014-04-01
2014-05-01,1,Brasil,2,%,0.46,1,Brasil,201405,maio 2014,63,IPCA - Variação mensal,2014-05-01
2014-06-01,1,Brasil,2,%,0.4,1,Brasil,201406,junho 2014,63,IPCA - Variação mensal,2014-06-01
2014-07-01,1,Brasil,2,%,0.01,1,Brasil,201407,julho 2014,63,IPCA - Variação mensal,2014-07-01
2014-08-01,1,Brasil,2,%,0.25,1,Brasil,201408,agosto 2014,63,IPCA - Variação mensal,2014-08-01
2014-09-01,1,Brasil,2,%,0.57,1,Brasil,201409,setembro 2014,63,IPCA - Variação mensal,2014-09-01
2014-10-01,1,Brasil,2,%,0.42,1,Brasil,201410,outubro 2014,63,IPCA - Variação mensal,2014-10-01
2014-11-01,1,Brasil,2,%,0.51,1,Brasil,201411,novembro 2014,63,IPCA - Variação mensal,2014-11-01
2014-12-01,1,Brasil,2,%,0.78,1,Brasil,201412,dezembro 2014,63,IPCA - Variação mensal,2014-12-01
2015-01-01,1,Brasil,2,%,1.24,1,Brasil,201501,janeiro 2015,63,IPCA - Variação mensal,2015-01-01
2015-02-01,1,Brasil,2,%,1.22,1,Brasil,201502,fevereiro 2015,63,IPCA - Variação mensal,2015-02-01
2015-03-01,1,Brasil,2,%,1.32,1,Brasil,201503,março 2015,63,IPCA - Variação mensal,2015-03-01
2015-04-01,1,Brasil,2,%,0.71,1,Brasil,201504,abril 2015,63,IPCA - Variação mensal,2015-04-01
2015-05-01,1,Brasil,2,%,0.74,1,Brasil,201505,maio 2015,63,IPCA - Variação mensal,2015-05-01
2015-06-01,1,Brasil,2,%,0.79,1,Brasil,201506,junho 2015,63,IPCA - Variação mensal,2015-06-01
2015-07-01,1,Brasil,2,%,0.62,1,Brasil,201507,julho 2015,63,IPCA - Variação mensal,2015-07-01
2015-08-01,1,Brasil,2,%,0.22,1,Brasil,201508,agosto 2015,63,IPCA - Variação mensal,2015-08-01
2015-09-01,1,Brasil,2,%,0.54,1,Brasil,201509,setembro 2015,63,IPCA - Variação mensal,2015-09-01
2015-10-01,1,Brasil,2,%,0.82,1,Brasil,201510,outubro 2015,63,IPCA - Variação mensal,2015-10-01
2015-11-01,1,Brasil,2,%,1.01,1,Brasil,201511,novembro 2015,63,IPCA - Variação mensal,2015-11-01
2015-12-01,1,Brasil,2,%,0.96,1,Brasil,201512,dezembro 2015,63,IPCA - Variação mensal,2015-12-01
2016-01-01,1,Brasil,2,%,1.27,1,Brasil,201601,janeiro 2016,63,IPCA - Variação mensal,2016-01-01
2016-02-01,1,Brasil,2,%,0.9,1,Brasil,201602,fevereiro 2016,63,IPCA - Variação mensal,2016-02-01
2016-03-01,1,Brasil,2,%,0.43,1,Brasil,201603,março 2016,63,IPCA - Variação mensal,2016-03-01
2016-04-01,1,Brasil,2,%,0.61,1,Brasil,201604,abril 2016,63,IPCA - Variação mensal,2016-04-01
2016-05-01,1,Brasil,2,%,0.78,1,Brasil,201605,maio 2016,63,IPCA - Variação mensal,2016-05-01
2016-06-01,1,Brasil,2,%,0.35,1,Brasil,201606,junho 2016,63,IPCA - Variação mensal,2016-06-01
2016-07-01,1,Brasil,2,%,0.52,1,Brasil,201607,julho 2016,63,IPCA - Variação mensal,2016-07-01
2016-08-01,1,Brasil,2,%,0.44,1,Brasil,201608,agosto 2016,63,IPCA - Variação mensal,2016-08-01
2016-09-01,1,Brasil,2,%,0.08,1,Brasil,201609,setembro 2016,63,IPCA - Variação mensal,2016-09-01
2016-10-01,1,Brasil,2,%,0.26,1,Brasil,201610,outubro 2016,63,IPCA - Variação mensal,2016-10-01
2016-11-01,1,Brasil,2,%,0.18,1,Brasil,201611,novembro 2016,63,IPCA - Variação mensal,2016-11-01
2016-12-01,1,Brasil,2,%,0.3,1,Brasil,201612,dezembro 2016,63,IPCA - Variação mensal,2016-12-01
2017-01-01,1,Brasil,2,%,0.38,1,Brasil,201701,janeiro 2017,63,IPCA - Variação mensal,2017-01-01
2017-02-01,1,Brasil,2,%,0.33,1,Brasil,201702,fevereiro 2017,63,IPCA - Variação mensal,2017-02-01
2017-03-01,1,Brasil,2,%,0.25,1,Brasil,201703,março 2017,63,IPCA - Variação mensal,2017-03-01
2017-04-01,1,Brasil,2,%,0.14,1,Brasil,201704,abril 2017,63,IPCA - Variação mensal,2017-04-01
2017-05-01,1,Brasil,2,%,0.31,1,Brasil,201705,maio 2017,63,IPCA - Variação mensal,2017-05-01
2017-06-01,1,Brasil,2,%,-0.23,1,Brasil,201706,junho 2017,63,IPCA - Variação mensal,2017-06-01
2017-07-01,1,Brasil,2,%,0.24,1,Brasil,201707,julho 2017,63,IPCA - Variação mensal,2017-07-01
2017-08-01,1,Brasil,2,%,0.19,1,Brasil,201708,agosto 2017,63,IPCA - Variação mensal,2017-08-01
2017-09-01,1,Brasil,2,%,0.16,1,Brasil,201709,setembro 2017,63,IPCA - Variação mensal,2017-09-01
2017-10-01,1,Brasil,2,%,0.42,1,Brasil,201710,outubro 2017,63,IPCA - Variação mensal,2017-10-01
2017-11-01,1,Brasil,2,%,0.28,1,Brasil,201711,novembro 2017,63,IPCA - Variação mensal,2017-11-01
2017-12-01,1,Brasil,2,%,0.44,1,Brasil,201712,dezembro 2017,63,IPCA - Variação mensal,2017-12-01
2018-01-01,1,Brasil,2,%,0.29,1,Brasil,201801,janeiro 2018,63,IPCA - Variação mensal,2018-01-01
2018-02-01,1,Brasil,2,%,0.32,1,Brasil,201802,fevereiro 2018,63,IPCA - Variação mensal,2018-02-01
2018-03-01,1,Brasil,2,%,0.09,1,Brasil,201803,março 2018,63,IPCA - Variação mensal,2018-03-01
2018-04-01,1,Brasil,2,%,0.22,1,Brasil,201804,abril 2018,63,IPCA - Variação mensal,2018-04-01
2018-05-01,1,Brasil,2,%,0.4,1,Brasil,201805,maio 2018,63,IPCA - Variação mensal,2018-05-01
2018-06-01,1,Brasil,2,%,1.26,1,Brasil,201806,junho 2018,63,IPCA - Variação mensal,2018-06-01
2018-07-01,1,Brasil,2,%,0.33,1,Brasil,201807,julho 2018,63,IPCA - Variação mensal,2018-07-01
2018-08-01,1,Brasil,2,%,-0.09,1,Brasil,201808,agosto 2018,63,IPCA - Variação mensal,2018-08-01
2018-09-01,1,Brasil,2,%,0.48,1,Brasil,201809,setembro 2018,63,IPCA - Variação mensal,2018-09-01
2018-10-01,1,Brasil,2,%,0.45,1,Brasil,201810,outubro 2018,63,IPCA - Variação mensal,2018-10-01
2018-11-01,1,Brasil,2,%,-0.21,1,Brasil,201811,novembro 2018,63,IPCA - Variação mensal,2018-11-01
2018-12-01,1,Brasil,2,%,0.15,1,Brasil,201812,dezembro 2018,63,IPCA - Variação mensal,2018-12-01
2019-01-01,1,Brasil,2,%,0.32,1,Brasil,201901,janeiro 2019,63,IPCA - Variação mensal,2019-01-01
2019-02-01,1,Brasil,2,%,0.43,1,Brasil,201902,fevereiro 2019,63,IPCA - Variação mensal,2019-02-01
2019-03-01,1,Brasil,2,%,0.75,1,Brasil,201903,março 2019,63,IPCA - Variação mensal,2019-03-01
2019-04-01,1,Brasil,2,%,0.57,1,Brasil,201904,abril 2019,63,IPCA - Variação mensal,2019-04-01
2019-05-01,1,Brasil,2,%,0.13,1,Brasil,201905,maio 2019,63,IPCA - Variação mensal,2019-05-01
2019-06-01,1,Brasil,2,%,0.01,1,Brasil,201906,junho 2019,63,IPCA - Variação mensal,2019-06-01
2019-07-01,1,Brasil,2,%,0.19,1,Brasil,201907,julho 2019,63,IPCA - Variação mensal,2019-07-01
2019-08-01,1,Brasil,2,%,0.11,1,Brasil,201908,agosto 2019,63,IPCA - Variação mensal,2019-08-01
2019-09-01,1,Brasil,2,%,-0.04,1,Brasil,201909,setembro 2019,63,IPCA - Variação mensal,2019-09-01
2019-10-01,1,Brasil,2,%,0.1,1,Brasil,201910,outubro 2019,63,IPCA - Variação mensal,2019-10-01
2019-11-01,1,Brasil,2,%,0.51,1,Brasil,201911,novembro 2019,63,IPCA - Variação mensal,2019-11-01
2019-12-01,1,Brasil,2,%,1.15,1,Brasil,201912,dezembro 2019,63,IPCA - Variação mensal,2019-12-01
2020-01-01,1,Brasil,2,%,0.21,1,Brasil,202001,janeiro 2020,63,IPCA - Variação mensal,2020-01-01
2020-02-01,1,Brasil,2,%,0.25,1,Brasil,202002,fevereiro 2020,63,IPCA - Variação mensal,2020-02-01
2020-03-01,1,Brasil,2,%,0.07,1,Brasil,202003,março 2020,63,IPCA - Variação mensal,2020-03-01
2020-04-01,1,Brasil,2,%,-0.31,1,Brasil,202004,abril 2020,63,IPCA - Variação mensal,2020-04-01
2020-05-01,1,Brasil,2,%,-0.38,1,Brasil,202005,maio 2020,63,IPCA - Variação mensal,2020-05-01
2020-06-01,1,Brasil,2,%,0.26,1,Brasil,202006,junho 2020,63,IPCA - Variação mensal,2020-06-01
2020-07-01,1,Brasil,2,%,0.36,1,Brasil,202007,julho 2020,63,IPCA - Variação mensal,2020-07-01
2020-08-01,1,Brasil,2,%,0.24,1,Brasil,202008,agosto 2020,63,IPCA - Variação mensal,2020-08-01
2020-09-01,1,Brasil,2,%,0.64,1,Brasil,202009,setembro 2020,63,IPCA - Variação mensal,2020-09-01
2020-10-01,1,Brasil,2,%,0.86,1,Brasil,202010,outubro 2020,63,IPCA - Variação mensal,2020-10-01
2020-11-01,1,Brasil,2,%,0.89,1,Brasil,202011,novembro 2020,63,IPCA - Variação mensal,2020-11-01
2020-12-01,1,Brasil,2,%,1.35,1,Brasil,202012,dezembro 2020,63,IPCA - Variação mensal,2020-12-01
2021-01-01,1,Brasil,2,%,0.25,1,Brasil,202101,janeiro 2021,63,IPCA - Variação mensal,2021-01-01
2021-02-01,1,Brasil,2,%,0.86,1,Brasil,202102,fevereiro 2021,63,IPCA - Variação mensal,2021-02-01
2021-03-01,1,Brasil,2,%,0.93,1,Brasil,202103,março 2021,63,IPCA - Variação mensal,2021-03-01
2021-04-01,1,Brasil,2,%,0.31,1,Brasil,202104,abril 2021,63,IPCA - Variação mensal,2021-04-01
2021-05-01,1,Brasil,2,%,0.83,1,Brasil,202105,maio 2021,63,IPCA - Variação mensal,2021-05-01
2021-06-01,1,Brasil,2,%,0.53,1,Brasil,202106,junho 2021,63,IPCA - Variação mensal,2021-06-01
2021-07-01,1,Brasil,2,%,0.96,1,Brasil,202107,julho 2021,63,IPCA - Variação mensal,2021-07-01
2021-08-01,1,Brasil,2,%,0.87,1,Brasil,202108,agosto 2021,63,IPCA - Variação mensal,2021-08-01
2021-09-01,1,Brasil,2,%,1.16,1,Brasil,202109,setembro 2021,63,IPCA - Variação mensal,2021-09-01
2021-10-01,1,Brasil,2,%,1.25,1,Brasil,202110,outubro 2021,63,IPCA - Variação mensal,2021-10-01
2021-11-01,1,Brasil,2,%,0.95,1,Brasil,202111,novembro 2021,63,IPCA - Variação mensal,2021-11-01
2021-12-01,1,Brasil,2,%,0.73,1,Brasil,202112,dezembro 2021,63,IPCA - Variação mensal,2021-12-01
2022-01-01,1,Brasil,2,%,0.54,1,Brasil,202201,janeiro 2022,63,IPCA - Variação mensal,2022-01-01
2022-02-01,1,Brasil,2,%,1.01,1,Brasil,202202,fevereiro 2022,63,IPCA - Variação mensal,2022-02-01
2022-03-01,1,Brasil,2,%,1.62,1,Brasil,202203,março 2022,63,IPCA - Variação mensal,2022-03-01
2022-04-01,1,Brasil,2,%,1.06,1,Brasil,202204,abril 2022,63,IPCA - Variação mensal,2022-04-01
2022-05-01,1,Brasil,2,%,0.47,1,Brasil,202205,maio 2022,63,IPCA - Variação mensal,2022-05-01
2022-06-01,1,Brasil,2,%,0.67,1,Brasil,202206,junho 2022,63,IPCA - Variação mensal,2022-06-01
2022-07-01,1,Brasil,2,%,-0.68,1,Brasil,202207,julho 2022,63,IPCA - Variação mensal,2022-07-01
2022-08-01,1,Brasil,2,%,-0.36,1,Brasil,202208,agosto 2022,63,IPCA - Variação mensal,2022-08-01
2022-09-01,1,Brasil,2,%,-0.29,1,Brasil,202209,setembro 2022,63,IPCA - Variação mensal,2022-09-01
2022-10-01,1,Brasil,2,%,0.59,1,Brasil,202210,outubro 2022,63,IPCA - Variação mensal,2022-10-01
2022-11-01,1,Brasil,2,%,0.41,1,Brasil,202211,novembro 2022,63,IPCA - Variação mensal,2022-11-01
2022-12-01,1,Brasil,2,%,0.62,1,Brasil,202212,dezembro 2022,63,IPCA - Variação mensal,2022-12-01
2023-01-01,1,Brasil,2,%,0.53,1,Brasil,202301,janeiro 2023,63,IPCA - Variação mensal,2023-01-01
2023-02-01,1,Brasil,2,%,0.84,1,Brasil,202302,fevereiro 2023,63,IPCA - Variação mensal,2023-02-01
2023-03-01,1,Brasil,2,%,0.71,1,Brasil,202303,março 2023,63,IPCA - Variação mensal,2023-03-01
2023-04-01,1,Brasil,2,%,0.61,1,Brasil,202304,abril 2023,63,IPCA - Variação mensal,2023-04-01
2023-05-01,1,Brasil,2,%,0.23,1,Brasil,202305,maio 2023,63,IPCA - Variação mensal,2023-05-01
2023-06-01,1,Brasil,2,%,-0.08,1,Brasil,202306,junho 2023,63,IPCA - Variação mensal,2023-06-01
2023-07-01,1,Brasil,2,%,0.12,1,Brasil,202307,julho 2023,63,IPCA - Variação mensal,2023-07-01
2023-08-01,1,Brasil,2,%,0.23,1,Brasil,202308,agosto 2023,63,IPCA - Variação mensal,2023-08-01
2023-09-01,1,Brasil,2,%,0.26,1,Brasil,202309,setembro 2023,63,IPCA - Variação mensal,2023-09-01
2023-10-01,1,Brasil,2,%,0.24,1,Brasil,202310,outubro 2023,63,IPCA - Variação mensal,2023-10-01
2023-11-01,1,Brasil,2,%,0.28,1,Brasil,202311,novembro 2023,63,IPCA - Variação mensal,2023-11-01
2023-12-01,1,Brasil,2,%,0.56,1,Brasil,202312,dezembro 2023,63,IPCA - Variação mensal,2023-12-01
2024-01-01,1,Brasil,2,%,0.42,1,Brasil,202401,janeiro 2024,63,IPCA - Variação mensal,2024-01-01
2024-02-01,1,Brasil,2,%,0.83,1,Brasil,202402,fevereiro 2024,63,IPCA - Variação mensal,2024-02-01
2024-03-01,1,Brasil,2,%,0.16,1,Brasil,202403,março 2024,63,IPCA - Variação mensal,2024-03-01
2024-04-01,1,Brasil,2,%,0.38,1,Brasil,202404,abril 2024,63,IPCA - Variação mensal,2024-04-01
